"","study","Age","Weight","group","score"
"1",2,30,160,"Experimental",23.2220911600307
"2",1,20,130,"Experimental",24.0280336086335
"3",2,25,110,"Control",17.443248328999
"4",1,20,100,"Control",23.4635386118848
"5",2,40,120,"Experimental",23.8544536857877
"6",1,30,120,"Control",22.1227122947498
"7",2,45,130,"Experimental",24.6432848500272
"8",1,50,120,"Control",20.9306123771468
